Workbook

Sheet Data 
A1: Date | B1: Category | C1: Amount | D1: Payment Mode
A2: 46290 | B2: Food | C2: 120 | D2: UPI
A3: 46291 | B3: Travel | C3: 250 | D3: Cash
A4: 46291 | B4: Recharge | C4: 299 | D4: UPI
A5: 46292 | B5: Food | C5: 80 | D5: Cash
A6: 46292 | B6: Stationery | C6: 150 | D6: Cash
A7: 46293 | B7: Travel | C7: 400 | D7: UPI
A8: 46293 | B8: Food | C8: 200 | D8: UPI
A9: 46294 | B9: Chai/Snacks | C9: 60 | D9: Cash
A10: 46294 | B10: Travel | C10: 200 | D10: Cash
A11: 46295 | B11: Food | C11: 180 | D11: UPI
A12: 46295 | B12: Travel | C12: 350 | D12: Cash
A13: 46295 | B13: Masjid Donation | C13: 100 | D13: Cash
... A21: 46297 | B21: Chai/Snacks | C21: 70 | D21: Cash

Sheet Dashboard 
A1: Category | B1: Total
A2: Food | B2: 805
A3: Travel | B3: 1850
A4: Recharge | B4: 498
A5: Stationery | B5: 150
A6: Chai/Snacks | B6: 130
A7: Masjid Donation | B7: 100
A8: Mobile Data | B8: 149
A9: Books | B9: 220
A13: Category | B13: Count
A14: Food | B14: 6
A15: Travel | B15: 6
A16: Recharge | B16: 2
A17: Stationary | B17: 1
A18: Chai/snack | B18: 2
A19: Masjid Donation | B19: 1
A20: Mobile data | B20: 1
A21: Books | B21: 1

Sheet Summary 
A1: Category | B1: Total | C1: Count | D1: %
A2: {=_xlfn.UNIQUE('Data '!B2:B21)} -> Food | B2: =SUMIF('Data '!B2:B21,'Data '!B2,'Data '!C2:C22) -> 805 | C2: =COUNTIF('Data '!B2:B21,A2) -> 6 | D2: =B2/B10 -> 0.20630446
A3: Travel | B3: =SUMIF('Data '!B3:B22,'Data '!B3,'Data '!C3:C23) -> 1850 | C3: =COUNTIF('Data '!B2:B21,'Summary '!A3) -> 6 | D3: =B3/B10 -> 0.47411584
A4: Recharge | B4: =SUMIF('Data '!B4:B23,'Data '!B4,'Data '!C4:C24) -> 498 | C4: =COUNTIF('Data '!B2:B21,'Summary '!A4) -> 2 | D4: =B4/B10 -> 0.12762686
A5: Stationery | B5: =SUMIF('Data '!B5:B24,'Data '!B6,'Data '!C5:C25) -> 150 | C5: =COUNTIF('Data '!B2:B21,A5) -> 1 | D5: =B5/B10 -> 0.038441825
A6: Chai/Snacks | B6: =SUMIF('Data '!B6:B25,'Data '!B9,'Data '!C6:C26) -> 130 | C6: =COUNTIF('Data '!B2:B21,A6) -> 2 | D6: =B6/B10 -> 0.033316248
A7: Masjid Donation | B7: =SUMIF('Data '!B7:B26,'Data '!B13,'Data '!C7:C27) -> 100 | C7: =COUNTIF('Data '!B2:B21,A7) -> 1 | D7: =B7/B10 -> 0.025627883
A8: Mobile Data | B8: =SUMIF('Data '!B8:B27,'Data '!B14,'Data '!C8:C28) -> 149 | C8: =COUNTIF('Data '!B2:B21,A8) -> 1 | D8: =B8/B10 -> 0.038185546
A9: Books | B9: =SUMIF('Data '!B9:B28,'Data '!B17,'Data '!C9:C29) -> 220 | C9: =COUNTIF('Data '!B2:B21,A9) -> 1 | D9: =B9/B10 -> 0.056381343
A10: GRAND TOTAL | B10: =SUM(B2:B9) -> 3902
A11: AVERAGE | B11: =AVERAGE('Data '!C2:C21) -> 195.1
A12: HIGHEST SPEND | B12: =MAX('Data '!C2:C21) -> 500
